,Card Name,Minimum Salaried Income,Minimum ITR for Self Employed,Joining Fee,Renewal Fee,Best Suited For,Reward Type,Welcome Benefits,Bank Name,shopping,travel,dining,movies,fuel,food,bill payment,stays,business expenses,annual fee waiver,welcome scores
0,American Express Membership Rewards Credit Card,600000,600000,1000,4500,shopping,Reward Points,"Welcome benefit of 4,000 Bonus Membership RPs can be availed on settling the joining fee of Rs. 1,000 and spending of Rs 15,000 within the first 90 days of the card issuance.",American Express,1,0,0,0,0,0,0,0,0,150000,2
1,American Express SmartEarn Credit Card,450000,600000,495,495,shopping,Reward Points,"Cashback of ₹500 and 4,000 Referral Bonus Membership Rewards Points",American Express,1,0,0,0,0,0,0,0,0,40000,2
2,American Express Gold Charge Card,600000,600000,1000,4500,travel | shopping,Reward Points,"4,000 Bonus Membership Rewards Points + 4,000 Referral Bonus Membership Rewards Points (Limited Time Offer)",American Express,1,1,0,0,0,0,0,0,0,inf,4
3,American Express Platinum Travel Credit Card,600000,600000,5000,5000,travel | shopping,Reward Points,"10,000 Membership Rewards Points",American Express,1,1,0,0,0,0,0,0,0,inf,4
4,American Express Platinum Reserve Credit Card,1500000,1500000,10000,10000,travel | dining | shopping,Reward Points,"11,000 bonus Membership Rewards Points on a minimum expenditure of Rs. 30,000 within 90 days of card issuance.",American Express,1,1,1,0,0,0,0,0,0,inf,4
5,American Express Platinum Charge Card,2500000,1500000,66000,66000,travel | shopping,Reward Points,"Vouchers Worth ₹60,000 of Taj Hotels, Luxe Gift Card, and The Postcard Hotels & Resorts",American Express,1,1,0,0,0,0,0,0,0,inf,10
6,AU Bank LIT Credit Card,0,0,0,0,movies | travel | dining | fuel | shopping,Reward Points,,AU Bank,1,1,1,1,1,0,0,0,0,0,0
7,AU Altura Plus Credit Card,0,0,499,499,shopping,Reward Points,,AU Bank,1,0,0,0,0,0,0,0,0,80000,0
8,AU Altura Credit Card,0,0,199,199,shopping,Cashback,,AU Bank,1,0,0,0,0,0,0,0,0,40000,0
9,AU Zenith+ Credit Card,3000000,3000000,4999,4999,travel | dining | shopping,Reward Points,"Luxury Gift Vouchers or Reward Points Worth ₹5,000",AU Bank,1,1,1,0,0,0,0,0,0,800000,5
10,ixigo AU Credit Card,0,0,0,0,travel,Reward Points,1000 RPs and Rs. 1000 ixigo Money Voucher on First Transaction Within 30 days of Card Issuance,AU Bank,0,1,0,0,0,0,0,0,0,0,4
11,AU Vetta Credit Card,0,0,2999,2999,travel | shopping,Reward Points,,AU Bank,1,1,0,0,0,0,0,0,0,150000,0
12,AU Spont Credit Card,0,0,299,299,shopping,Cashback,,AU Bank,1,0,0,0,0,0,0,0,0,inf,0
13,AU Bank Xcite Ace Credit Card,0,0,0,0,shopping,Reward Points,,AU Bank,1,0,0,0,0,0,0,0,0,0,0
14,AU Bank Xcite Credit Card,0,0,0,0,shopping,Reward Points,,AU Bank,1,0,0,0,0,0,0,0,0,0,0
15,AU Bank Xcite Ultra Credit Card,0,0,0,0,travel | shopping,Reward Points,,AU Bank,1,1,0,0,0,0,0,0,0,0,0
16,Aditya Birla AU Bank Credit Cards,0,0,0,0,travel | dining | shopping | business expenses,Reward Points,"Up to 1,000 Reward Points",AU Bank,1,1,1,0,0,0,0,0,1,0,1
17,AU Zenith Credit Card,0,0,7999,7999,travel | dining | shopping,Reward Points,"Rs. 1,000 worth of Vouchers after the first POS transaction, 10,000 Bonus RPs on spending Rs. 1 Lakh. Each welcome benefit would be applicable for retail spends made within sixty of card set-up.",AU Bank,1,1,1,0,0,0,0,0,0,500000,4
18,Flipkart Axis Bank Credit Card,180000,180000,500,500,shopping,Cashback,Introductory Benefits Worth Rs. 600 on Card Issuance,Axis Bank,1,0,0,0,0,0,0,0,0,350000,1
19,Axis My Zone Credit Card,600000,600000,500,500,movies | shopping | food,Reward Points,"Free SonyLiv Subscription Worth ₹1,499",Axis Bank,1,0,0,1,0,1,0,0,0,inf,2
20,IndianOil Axis Bank RuPay Credit Card,600000,600000,500,500,fuel | shopping,Reward Points,"1,250 EDGE Reward Points Worth ₹250",Axis Bank,1,0,0,0,1,0,0,0,0,350000,1
21,Airtel Axis Bank Credit Card,450000,450000,500,500,food | bill payment,Cashback,Amazon Voucher Worth Rs. 500,Axis Bank,0,0,0,0,0,1,1,0,0,200000,1
22,Axis Bank Neo Credit Card,600000,600000,250,250,shopping | food,Reward Points,Get 100% cashback up to Rs. 300 on your first utility bill payment within 30 days of getting the card.,Axis Bank,1,0,0,0,0,1,0,0,0,inf,1
23,IndianOil Axis Bank Premium Credit Card,600000,600000,1000,1000,fuel,Reward Points,500 EDGE Miles on the First Transaction Within 30 Days of Card Issuance,Axis Bank,0,0,0,0,1,0,0,0,0,30000,1
24,Axis Bank ACE Credit Card,600000,600000,0,499,bill payment,Cashback,,Axis Bank,0,0,0,0,0,0,1,0,0,200000,0
25,Axis Bank SELECT Credit Card,900000,900000,3000,3000,travel | shopping,Reward Points,"10,000 EDGE Reward Points (Worth ₹2,000) on First Transaction",Axis Bank,1,1,0,0,0,0,0,0,0,800000,4
26,Axis Bank Atlas Credit Card,900000,900000,5000,5000,travel,Reward Points,"2,500 Edge Miles on Completing 1 Transaction Within 30 Days of Card Issuance",Axis Bank,0,1,0,0,0,0,0,0,0,inf,1
27,Axis Bank Privilege Credit Card,600000,600000,1500,1500,travel | shopping,Reward Points,"12,500 EDGE Reward Points Worth ₹2,500",Axis Bank,1,1,0,0,0,0,0,0,0,500000,4
28,Axis Bank Rewards Credit Card,0,0,1000,1000,dining | shopping,Reward Points,5000 EDGE reward points on spending Rs. 1000 and above within 30 days of card activation,Axis Bank,1,0,1,0,0,0,0,0,0,200000,2
29,Axis Bank Olympus Credit Card,600000,600000,20000,20000,movies | travel | shopping,Reward Points,"2,500 EDGE Miles and Taj/ITC Hotel Vouchers Worth ₹10,000",Axis Bank,1,1,0,1,0,0,0,0,0,inf,7
30,Axis Bank Magnus Credit Card,1800000,1800000,12500,12500,travel | dining | shopping,Reward Points,"Choose a gift voucher worth Rs. 12,500 from any one of Luxe, Yatra, or Postcard Hotels",Axis Bank,1,1,1,0,0,0,0,0,0,2500000,8
31,Axis Bank Reserve Credit Card,600000,600000,50000,50000,movies | travel | dining | shopping,Reward Points,"50,000 Edge Reward Points on Card Activation",Axis Bank,1,1,1,1,0,0,0,0,0,3500000,8
32,Axis Bank Primus Credit Card,0,0,180000,180000,travel | fuel | shopping,Reward Points,"25,000 Axis EDGE Miles OR Rs 40,000 Gift Card from ITC Hotels",Axis Bank,1,1,0,0,1,0,0,0,0,inf,10
33,Axis Bank AURA Credit Card,600000,600000,749,749,shopping,Reward Points,A Decathlon voucher worth Rs. 750.,Axis Bank,1,0,0,0,0,0,0,0,0,inf,1
34,Samsung Axis Bank Infinite Credit Card,0,0,5000,5000,travel | shopping,Reward Points | Cashback,"30,000 EDGE Reward Points",Axis Bank,1,1,0,0,0,0,0,0,0,700000,6
35,Samsung Axis Bank Signature Credit Card,0,0,500,500,shopping,Reward Points | Cashback,"2,500 bonus Edge Rewards on making at least 3 transactions within the first 30 days of card issuance.",Axis Bank,1,0,0,0,0,0,0,0,0,200000,1
36,Axis Bank Horizon Credit Card,0,0,3000,3000,travel,Reward Points,"5000 EDGE Miles on Spends of ₹1,000 Within the First 30 Days of Card Issuance",Axis Bank,0,1,0,0,0,0,0,0,0,inf,2
37,Axis Bank Cashback Credit Card,0,0,1000,1000,shopping,Cashback,"5,000 EDGE Reward Points on Making the First Transaction Within 30 Days",Axis Bank,1,0,0,0,0,0,0,0,0,400000,2
38,Axis Bank KWIK RuPay Credit Card,0,0,0,0,shopping,Reward Points,,Axis Bank,1,0,0,0,0,0,0,0,0,0,0
39,Axis Bank Shoppers Stop Credit Card,0,0,500,500,shopping,Reward Points,"First Citizen Reward Points Worth ₹300, Shoppers Stop Vouchers Worth ₹2,250, and Complimentary Shoppers Stop Golden Glow Membership",Axis Bank,1,0,0,0,0,0,0,0,0,100000,4
40,Fibe Axis Bank RuPay Credit Card,0,0,0,0,shopping,Cashback,,Axis Bank,1,0,0,0,0,0,0,0,0,0,0
41,Axis Bank Freecharge Plus Credit Card,600000,600000,350,350,shopping,Cashback,,Axis Bank,1,0,0,0,0,0,0,0,0,50000,0
42,IKEA Family Credit Card by Axis Bank,0,0,0,0,shopping,Reward Points,,Axis Bank,1,0,0,0,0,0,0,0,0,0,0
43,Axis Bank Freecharge Credit Card,0,0,250,250,shopping,Reward Points,,Axis Bank,1,0,0,0,0,0,0,0,0,inf,0
44,Axis Bank Miles & More Select Credit Card,0,0,10000,4500,travel,Reward Points,"15,000 miles on Axis Bank Miles & More Select Credit Card and 5,000 miles on Axis Bank Miles & More World Credit Card",Axis Bank,0,1,0,0,0,0,0,0,0,inf,5
45,Axis Bank Flipkart Super Elite Credit Card,180000,180000,500,500,shopping,Reward Points,"Get 500 SuperCoins on card activation, a year Lenskart Gold membership, and a free trial membership of Ganna Plus and Youtube Premium.",Axis Bank,1,0,0,0,0,0,0,0,0,200000,2
46,SpiceJet Axis Bank Voyage Credit Card,0,0,750,750,travel,Reward Points,"SpiceJet flight voucher of Rs. 1,500 on completion of 2 transactions with 30 days of the card issuance.",Axis Bank,0,1,0,0,0,0,0,0,0,inf,2
47,SpiceJet Axis Bank Voyage Black Credit Card,0,0,2000,2000,travel,Reward Points,"Get a SpiceJet flight voucher worth Rs. 4,000 and complimentary Spiceclub Gold membership.",Axis Bank,0,1,0,0,0,0,0,0,0,inf,5
48,Axis Bank Burgundy Private Credit Card,12000000,12000000,50000,50000,movies | travel | dining,Reward Points,Nil,Axis Bank,0,1,1,1,0,0,0,0,0,inf,1
49,BOBCARD Premier Credit Card,720000,720000,1000,1000,travel | dining,Reward Points,"500 Reward Points on Spends of ₹5,000 or More in the First 60 Days of Card Issuance",Bank Of Baroda,0,1,1,0,0,0,0,0,0,120000,1
50,BOBCARD Easy Credit Card,300000,300000,500,500,shopping | food,Reward Points,"500 Reward Points on Spends of ₹5,000 Within 60 Days of Card Issuance",Bank Of Baroda,1,0,0,0,0,1,0,0,0,35000,1
51,BOBCARD Select Credit Card,300000,300000,750,750,shopping,Reward Points,"500 Reward Points on Spends of ₹5,000 or More Within 60 Days of Card Issuance",Bank Of Baroda,1,0,0,0,0,0,0,0,0,70000,1
52,BOBCARD Tiara Credit Card,720000,720000,2499,2499,travel | shopping | food,Reward Points,"Free Swiggy One (3 Months), FitPass Pro, Amazon Prime/Disney Hotstar and Gaana Plus Memberships",Bank Of Baroda,1,1,0,0,0,1,0,0,0,inf,4
53,IRCTC RuPay BOBCARD Credit Card,360000,360000,500,350,travel,Reward Points,"500 Bonus Reward Points on Spending ₹5,000 Within the First 60 Days of Card Issuance",Bank Of Baroda,0,1,0,0,0,0,0,0,0,inf,1
54,HPCL ENERGIE BOBCARD Credit Card,360000,360000,499,499,fuel | shopping,Reward Points,"500 Bonus Reward Points On Spending ₹5,000 or More Within 60 Days of Card Issuance",Bank Of Baroda,1,0,0,0,1,0,0,0,0,inf,1
55,BOBCARD ETERNA Credit Card,1200000,1200000,2499,2499,travel | shopping,Reward Points,"6-month FitPass Pro membership worth Rs. 15,000 and 10,000 bonus reward points.",Bank Of Baroda,1,1,0,0,0,0,0,0,0,250000,9
56,SNAPDEAL BOBCARD Credit Card,360000,360000,249,249,shopping,Reward Points,Get a Snapdeal gift voucher worth up to Rs. 500 as a welcome benefit.,Bank Of Baroda,1,0,0,0,0,0,0,0,0,inf,1
57,HDFC Bank Millennia Credit Card,300000,600000,1000,1000,shopping,Cashback,"1,000 CashPoints",HDFC,1,0,0,0,0,0,0,0,0,100000,2
58,Swiggy HDFC Bank Credit Card,180000,600000,500,500,dining | food,Cashback,Complimentary 3-Month Swiggy One Membership,HDFC,0,0,1,0,0,1,0,0,0,50000,1
59,HDFC Bank Regalia Gold Credit Card,1200000,1800000,2500,2500,travel | shopping,Reward Points,"Voucher Worth ₹2,500",HDFC,1,1,0,0,0,0,0,0,0,400000,4
60,Tata Neu Infinity HDFC Bank Credit Card,1200000,1200000,1499,1499,travel | shopping,Reward Points,"1,499 NeuCoins on Tata Neu App",HDFC,1,1,0,0,0,0,0,0,0,300000,2
61,Tata Neu Plus HDFC Bank Credit Card,300000,600000,499,499,shopping,Reward Points,499 NeuCoins,HDFC,1,0,0,0,0,0,0,0,0,150000,1
62,HDFC Bank RuPay IRCTC Credit Card,0,0,500,500,travel,Reward Points,Amazon voucher worth Rs. 500 on making the first transaction within the first 30 days.,HDFC,0,1,0,0,0,0,0,0,0,50000,1
63,Shoppers Stop HDFC Bank Credit Card,240000,600000,299,299,shopping,Reward Points,Shoppers Stop Voucher Worth ₹500 and Complimentary Shoppers Stop Silver Edge Membership,HDFC,1,0,0,0,0,0,0,0,0,50000,1
64,HDFC Bank MoneyBack Plus Credit Card,300000,600000,500,500,shopping,Reward Points,500 CashPoints,HDFC,1,0,0,0,0,0,0,0,0,50000,1
65,Marriott Bonvoy HDFC Bank Credit Card,1200000,1500000,3000,3000,travel | shopping | stays,Reward Points,Free Night Award Valid for One Year at Marriott Hotels. Silver Elite Status in the Marriott Bonvoy Program,HDFC,1,1,0,0,0,0,0,1,0,400000,5
66,HDFC Bank Diners Club Black Metal Edition Credit Card,2100000,2100000,10000,10000,travel | dining | shopping,Reward Points,"Complimentary Membership of Club Marriott, Swiggy One and Amazon Prime (On Spends of Rs. 1.5 Lakh Within 90 Days of Card Issuance)",HDFC,1,1,1,0,0,0,0,0,0,800000,5
67,HDFC Bank INFINIA Metal Credit Card,0,0,12500,12500,travel | dining | shopping,Reward Points,"Welcome bonus of 12,500 Reward Points and complimentary Club Marriott membership for the first year offering 20% discounts on dining and stay in the Asia-Pacific region.",HDFC,1,1,1,0,0,0,0,0,0,1000000,5
68,HDFC Bank Diners Club Privilege Credit Card,840000,840000,1000,1000,movies | travel | food,Reward Points,Complimentary Membership of Swiggy One & Times Prime,HDFC,0,1,0,1,0,1,0,0,0,300000,2
69,Shoppers Stop Black HDFC Bank Credit Card,360000,600000,4500,4500,travel | shopping,Reward Points,"Shoppers Stop Vouchers Worth ₹4,500 and Complimentary Shoppers Stop Black Membership (Worth ₹4,500)",HDFC,1,1,0,0,0,0,0,0,0,100000,7
70,HDFC Bank Freedom Credit Card,144000,200000,500,500,shopping,Reward Points,500 CashPoints,HDFC,1,0,0,0,0,0,0,0,0,50000,1
71,6E Rewards XL - IndiGo HDFC Bank Credit Card,1440000,1440000,1500,1500,travel,Reward Points,One complimentary flight ticket worth Rs. 3000 and 6E Prime Add-On.,HDFC,0,1,0,0,0,0,0,0,0,300000,5
72,6E Rewards - IndiGo HDFC Bank Credit Card,240000,600000,500,500,travel,Reward Points,"1 complimentary 6E Prime add-on with priority check-in, complimentary meal, quicker baggage, choice of seat, etc.",HDFC,0,1,0,0,0,0,0,0,0,75000,1
73,IndianOil HDFC Bank Credit Card,120000,600000,500,500,fuel,Reward Points,,HDFC,0,0,0,0,1,0,0,0,0,50000,0
74,HDFC Bank Diners Club Black Credit Card,3000000,3000000,10000,10000,travel | dining | shopping,Reward Points,"Get complimentary annual membership of Forbes, Club Marriott, Times Prime, MMT Black, Amazon Prime, and Swiggy One (3 Months) on spending Rs. 1,50,000 or more in the first 90 days of card issuance",HDFC,1,1,1,0,0,0,0,0,0,800000,5
75,HDFC Bank Pixel Play Credit Card,300000,600000,0,0,shopping,Cashback,,HDFC,1,0,0,0,0,0,0,0,0,0,0
76,HDFC Bank Pixel Go Credit Card,96000,600000,250,250,shopping,Cashback,,HDFC,1,0,0,0,0,0,0,0,0,50000,0
77,HDFC Bank Harley Davidson Diners Club Credit Card,0,0,2500,2500,movies | shopping,Reward Points,"Annual Membership of Swiggy One, Times Now, and Harley Vouchers Worth ₹750 on Spending ₹75,000 in the First 90 Days of Card Issuance",HDFC,1,0,0,1,0,0,0,0,0,100000,4
78,HDFC Bank H.O.G Diners Club Credit Card,0,0,10000,10000,travel | shopping | food,Reward Points,"Three Month Swiggy One Membership, Annual Memberships of Club Marriott, Amazon Prime, Forbes, and MMT Black and Harley Vouchers Worth ₹2,500",HDFC,1,1,0,0,0,1,0,0,0,100000,6
79,HDFC Bank Regalia First Credit Card,1200000,1200000,1000,1000,travel | shopping,Reward Points,"1,000 Reward Points on payment of the annual fee.",HDFC,1,1,0,0,0,0,0,0,0,100000,1
80,HDFC Bank Regalia Credit Card,840000,840000,2500,2500,travel | shopping,Reward Points,"2,500 bonus Reward points",HDFC,1,1,0,0,0,0,0,0,0,300000,1
81,HDFC Bank Bharat Credit Card,240000,200000,500,500,shopping,Reward Points,,HDFC,1,0,0,0,0,0,0,0,0,50000,0
82,HDFC Bank Easy EMI Credit Card,120000,600000,500,500,shopping,Reward Points,500 CashPoints,HDFC,1,0,0,0,0,0,0,0,0,50000,1
83,HDFC Bank Solitaire Credit Card,0,0,500,500,shopping,Reward Points,A free wellness package from Thyrocare.,HDFC,1,0,0,0,0,0,0,0,0,50000,1
84,HDFC Bank Diners Club Premium Credit Card,720000,720000,2500,2500,travel,Reward Points,"2,500 bonus Reward Points",HDFC,0,1,0,0,0,0,0,0,0,300000,1
85,HDFC Bank Diners Club Miles Credit Card,360000,360000,1000,1000,travel,Reward Points,"1,000 Reward Points on settling the renewal membership fee.",HDFC,0,1,0,0,0,0,0,0,0,100000,1
86,HDFC Bank Diners Club Rewardz Credit Card,360000,360000,1000,1000,travel,Reward Points,"1,000 Reward Points",HDFC,0,1,0,0,0,0,0,0,0,50000,1
87,Paytm HDFC Bank Select Credit Card,0,0,1000,1000,shopping,Cashback,,HDFC,1,0,0,0,0,0,0,0,0,150000,0
88,Paytm HDFC Bank Credit Card,0,0,500,500,shopping,Reward Points,,HDFC,1,0,0,0,0,0,0,0,0,50000,0
89,Paytm HDFC Bank Mobile Credit Card,0,0,149,149,shopping,Reward Points,,HDFC,1,0,0,0,0,0,0,0,0,50000,0
90,InterMiles HDFC Bank Platinum Credit Card,360000,600000,1000,1000,travel,Reward Points,"Earn up to 3,000 Bonus InterMiles as a welcome gift on the basis of your spending.",HDFC,0,1,0,0,0,0,0,0,0,100000,1
91,HDFC MoneyBack Credit Card,240000,600000,500,500,travel | dining | shopping,Reward Points,Get 500 Cash Points.,HDFC,1,1,1,0,0,0,0,0,0,50000,1
92,HDFC Platinum Times Credit Card,420000,600000,0,1000,movies | shopping,Reward Points,Complimentary Times Prime annual Membership and E-Vouchers Worth Rs. 5000.,HDFC,1,0,0,1,0,0,0,0,0,100000,6
93,HDFC Bank Titanium Times Credit Card,300000,600000,0,500,movies | dining | shopping,Reward Points,Complimentary Times Prime Membership and E-Vouchers Worth Rs. 5000.,HDFC,1,0,1,1,0,0,0,0,0,50000,6
94,HDFC Bank All Miles Credit Card,0,0,1000,1000,shopping,Reward Points,,HDFC,1,0,0,0,0,0,0,0,0,100000,0
95,HDFC Bank Superia Credit Card,0,0,1000,1000,shopping,Reward Points,"1,000 bonus Reward Points",HDFC,1,0,0,0,0,0,0,0,0,100000,1
96,HDFC Bank Titanium Edge Credit Card,0,0,0,0,shopping,Reward Points,,HDFC,1,0,0,0,0,0,0,0,0,0,0
97,InterMiles HDFC Bank Signature Credit Card,1080000,1200000,2500,2500,travel,Reward Points,"Earn up to 8,000 bonus Inter Miles on the basis of your spending as a welcome gift.Exciting discount vouchers for Flight & Hotel bookings.",HDFC,0,1,0,0,0,0,0,0,0,300000,4
98,InterMiles HDFC Bank Diners Club Credit Card,2100000,2100000,5000,5000,travel,Reward Points,"Get InterMiles Gold membership for the first year and up to 25,000 bonus InterMiles.",HDFC,0,1,0,0,0,0,0,0,0,500000,6
99,HDFC Bank Doctor's Regalia Credit Card,1200000,120000,2500,2500,shopping,Reward Points,"You get 2,500 Reward Points as a welcome gift",HDFC,1,0,0,0,0,0,0,0,0,300000,1
100,HSBC Live+ Credit Card - Cashback on Groceries,400000,400000,999,999,shopping | food,Cashback,"₹1,000 Cashback on Spending ₹20,000 in the First 30 Days",HSBC Bank,1,0,0,0,0,1,0,0,0,200000,2
101,HSBC Visa Platinum Credit Card,400000,400000,0,0,shopping,Reward Points,,HSBC Bank,1,0,0,0,0,0,0,0,0,0,0
102,HSBC TravelOne Credit Card,400000,400000,4999,4999,travel | shopping,Reward Points,"₹1,000 Cashback, PostCard Voucher Worth ₹3,000, and 3 Month EazyDiner Membership on Spending ₹10,000 Within 30 Days of Card Issuance. Additional 3,000 Points on Spending ₹1 Lakh Within 90 Days",HSBC Bank,1,1,0,0,0,0,0,0,0,800000,5
103,HSBC Taj Credit Card,4000000,6000000,110000,110000,travel | shopping | stays,Reward Points,Complimentary Night's Stay Including Breakfast at a Taj Palace Hotel and 2 Nights at Any 5-Star Taj or Other IHCL Hotel,HSBC Bank,1,1,0,0,0,0,0,1,0,inf,10
104,ICICI Bank Coral Credit Card,250000,250000,500,500,movies | dining,Reward Points,,ICIC Bank,0,0,1,1,0,0,0,0,0,150000,0
105,ICICI Bank Platinum Chip Credit Card,250000,250000,0,0,dining,Reward Points,,ICIC Bank,0,0,1,0,0,0,0,0,0,0,0
106,ICICI Bank Rubyx Credit Card,600000,900000,3000,2000,travel,Reward Points,"Travel & Shopping Vouchers Worth Rs. 5,000",ICIC Bank,0,1,0,0,0,0,0,0,0,300000,5
107,Amazon Pay ICICI Bank Credit Card,250000,250000,0,0,shopping,Cashback,"Cashback and Discounts Up to Rs. 2,000 and Free 3-Month Prime Membership",ICIC Bank,1,0,0,0,0,0,0,0,0,0,4
108,ICICI Bank HPCL Super Saver Credit Card,250000,250000,500,500,fuel | shopping,Reward Points,"2,000 bonus Reward Points on paying the membership fee within 2 months and spending at least Rs. 5,000 within the first 45 days of card issuance; Rs. 100 cashback on HP Pay app on the first fuel purchase of Rs. 1,000 or more.",ICIC Bank,1,0,0,0,1,0,0,0,0,inf,1
109,Adani One ICICI Bank Platinum Credit Card,250000,250000,750,750,travel,Adani Reward Points,"Hotel Voucher Worth ₹1,000. Flight Voucher Worth ₹2,000 on Spends of ₹10,000.",ICIC Bank,0,1,0,0,0,0,0,0,0,inf,5
110,Adani One Signature Credit Card,250000,250000,5000,5000,movies | travel,Adani Reward Points,"Hotel and Holiday Voucher Worth ₹2,000 Each. ₹5,000 Flight Voucher on Spends of ₹25,000 Within 60 Days of Card Activation",ICIC Bank,0,1,0,1,0,0,0,0,0,inf,7
111,ICICI Bank Sapphiro Credit Card,900000,1000000,6500,3500,travel | shopping,Reward Points,"Exclusive Travel & Shopping Vouchers Worth More than ₹9,500 (From Tata CliQ, EaseMyTrip, Uber, Croma)",ICIC Bank,1,1,0,0,0,0,0,0,0,600000,7
112,ICICI Bank Expressions Credit Card,250000,250000,500,500,shopping,Reward Points,,ICIC Bank,1,0,0,0,0,0,0,0,0,150000,0
113,ICICI Bank Emeralde Private Metal Credit Card,300000,3000000,120000,120000,travel,Reward Points,"Complimentary Taj Epicure membership, 12,500 bonus reward points, and complimentary EazyDiner membership",ICIC Bank,0,1,0,0,0,0,0,0,0,inf,5
114,ICICI Bank HPCL Coral Credit Card,250000,250000,199,199,fuel | shopping,Reward Points,,ICIC Bank,1,0,0,0,1,0,0,0,0,50000,0
115,ICICI Bank Emeralde Credit Card,300000,3000000,12000,12000,movies | travel | shopping,Reward Points,,ICIC Bank,1,1,0,1,0,0,0,0,0,1000000,0
116,Emirates Skywards ICICI Bank Rubyx Credit Card,250000,250000,1000,1000,travel,Reward Points,,ICIC Bank,0,1,0,0,0,0,0,0,0,inf,0
117,Emirates Skywards ICICI Bank Sapphiro Credit Card,900000,1000000,5000,5000,travel,Reward Points,"5,000 bonus Skyward Miles and complimentary Emirates Skywards Silver Tier membership.",ICIC Bank,0,1,0,0,0,0,0,0,0,inf,1
118,Emirates Skywards ICICI Bank Emeralde Credit Card,300000,3000000,10000,10000,travel,Reward Points,"10,000 Skyward Miles and Emirates Skywards Silver Tier Membership",ICIC Bank,0,1,0,0,0,0,0,0,0,inf,4
119,ICICI Manchester United Signature Credit Card,250000,250000,2499,2499,movies | travel,Reward Points,Manchester United Branded Holdall and Football,ICIC Bank,0,1,0,1,0,0,0,0,0,250000,4
120,ICICI Bank Parakram Select Credit Card,0,0,500,500,shopping,Reward Points,,ICIC Bank,1,0,0,0,0,0,0,0,0,100000,0
121,ICICI Bank Parakram Credit Card,0,0,0,0,travel | shopping,Reward Points,,ICIC Bank,1,1,0,0,0,0,0,0,0,0,0
122,ICICI Bank Mine Credit Card,0,0,500,500,travel,Reward Points,,ICIC Bank,0,1,0,0,0,0,0,0,0,100000,0
123,ICICI Bank Ferrari Signature Credit Card,250000,250000,499,499,fuel,Reward Points,A Scuderia Ferrari Watch.,ICIC Bank,0,0,0,0,1,0,0,0,0,125000,7
124,Chennai Super Kings ICICI Bank Credit Card,250000,250000,500,500,travel,Reward Points,"2,000 bonus Reward Points.",ICIC Bank,0,1,0,0,0,0,0,0,0,inf,1
125,Accelero ICICI Bank Credit Card,0,0,499,499,travel,Reward Points,"Complimentary roadside repair services, car wash, general checkup, etc for the first year.",ICIC Bank,0,1,0,0,0,0,0,0,0,inf,4
126,ICICI Bank HPCL Platinum Credit Card,250000,250000,199,199,travel,Reward Points,,ICIC Bank,0,1,0,0,0,0,0,0,0,inf,0
127,InterMiles ICICI Bank Rubyx Credit Card,600000,600000,2500,2500,shopping,Reward Points,"5,000 bonus InterMiles, flight discount voucher worth Rs. 500 and hotel discount voucher worth Rs. 1,000",ICIC Bank,1,0,0,0,0,0,0,0,0,inf,4
128,InterMiles ICICI Bank Coral Credit Card,250000,250000,1250,1250,movies | travel,Reward Points,"You get exclusive flights and hotels discount vouchers on booking from partner brand, www.intermiles.com, as a welcome benefit. You also get 2,500 bonus InterMiles on joining.",ICIC Bank,0,1,0,1,0,0,0,0,0,inf,1
129,InterMiles ICICI Bank Sapphiro Credit Card,960000,960000,5000,5000,travel,Reward Points,"1 year InterMiles Silver Tier membership with 10,000 bonus InterMiles, a discount of Rs. 750 on flight bookings and Rs. 1,500 on hotel bookings (AmEx variant), a discount of Rs. 500 on flight bookings and Rs. 1,000 on hotel reservations (Visa variant).",ICIC Bank,0,1,0,0,0,0,0,0,0,inf,5
130,ICICI Bank VISA Signature Credit Card,0,0,25000,2000,movies | dining,Reward Points,"30,000 hand-picked rewards.",ICIC Bank,0,0,1,1,0,0,0,0,0,inf,1
131,ICICI Bank Diamant Credit Card,0,0,125000,10000,travel,Reward Points,"Apple MacBook Air MMGG2HN/A worth Rs. 75,000 on realization of the joining fee",ICIC Bank,0,1,0,0,0,0,0,0,0,2500000,10
132,ICICI Bank British Airways Premium Credit Card,0,0,7000,4500,travel,Reward Points,"British Airways Executive Club membership and 8,000 Avios",ICIC Bank,0,1,0,0,0,0,0,0,0,500000,4
133,ICICI Bank Carbon Credit Card,0,0,1000,500,movies | dining,Reward Points,,ICIC Bank,0,0,1,1,0,0,0,0,0,100000,0
134,ICICI Bank British Airways Classic Credit Card,250000,250000,0,3500,travel,Reward Points,"Welcome bonus of 3,500 Avios.",ICIC Bank,0,1,0,0,0,0,0,0,0,inf,1
135,IDFC FIRST Millennia Credit Card,300000,300000,0,0,movies | shopping,Reward Points,"5% cashback on first EMI spend up to Rs. 1,000 and additional welcome gift vouchers worth Rs. 500 on spending Rs. 5,000 within 30 days of card generation",IDFC Bank,1,0,0,1,0,0,0,0,0,0,2
136,IDFC FIRST Select Credit Card,1200000,1200000,0,0,travel | shopping,Reward Points,"Vouchers worth ₹500 on spends of ₹5,000 within 30 days of card issuance. Also, get a 5% cashback on EMI transactions (up to Rs. 1,000) within 30 days of card issuance.",IDFC Bank,1,1,0,0,0,0,0,0,0,0,2
137,IDFC First Bank Ashva Metal Credit Card,1200000,1200000,2999,2999,travel | shopping,Reward Points,"Bonus 2,500 Reward Points (₹625). ₹2,000 Cashback on Making Four Transactions of ₹500 or Above",IDFC Bank,1,1,0,0,0,0,0,0,0,inf,4
138,IDFC First Bank Mayura Credit Card,2500000,2500000,5999,5999,movies | travel | shopping,Reward Points,"5,000 Bonus Reward Points for New Card Applicants. Maximum Cashback of ₹4,000 on Making Four Transactions of ₹1,000 or More",IDFC Bank,1,1,0,1,0,0,0,0,0,inf,5
139,IDFC FIRST Classic Credit Card,300000,300000,0,0,travel | shopping,Reward Points,"Welcome gift voucher worth ₹500 on spending ₹5,000 or more within the first 30 days. Also, get 5% cashback on the value of your first EMI transaction done within 30 days of card generation.",IDFC Bank,1,1,0,0,0,0,0,0,0,0,1
140,IDFC HPCL First Power Plus Credit Card,300000,300000,499,499,fuel,Reward Points,"Up to ₹500 cash back on your 1st HPCL fuel transaction above ₹500 and up to 5% cashback (up to ₹1,000 capped) on the transaction value of the first EMI.",IDFC Bank,0,0,0,0,1,0,0,0,0,inf,2
141,IDFC HPCL FIRST Power Credit Card,300000,300000,199,199,fuel,Reward Points,"Up to ₹250 cash back on your 1st HPCL fuel transaction above ₹250 and up to 5% cashback (up to ₹1,000 capped) on the transaction value of the first EMI.",IDFC Bank,0,0,0,0,1,0,0,0,0,inf,2
142,IDFC FIRST Wealth Credit Card,3600000,3600000,0,0,movies | travel | shopping,Reward Points,"₹500 Voucher from Uber, Amazon, and Bigbasket on Spending ₹5,000 Within 30 Days of Card Issuance. 5% Cashback Upto ₹1,000 on the First EMI Transaction",IDFC Bank,1,1,0,1,0,0,0,0,0,0,2
143,IDFC Bank FIRST SWYP Credit Card,0,0,499,499,movies | travel | shopping,Reward Points,"1,000 RPs on First EMI Transaction, 1 Year Lenskart Gold Membership & 1-Year Times Prime Membership",IDFC Bank,1,1,0,1,0,0,0,0,0,inf,4
144,IDFC FIRST WoW Credit Card,0,0,0,0,dining | shopping,Reward Points,,IDFC Bank,1,0,1,0,0,0,0,0,0,0,0
145,Club Vistara IDFC First Credit Card,300000,300000,4999,4999,travel,Reward Points,Complimentary class upgrade voucher and 1 premium economy flight ticket voucher for Air Vistara,IDFC Bank,0,1,0,0,0,0,0,0,0,inf,8
146,IndusInd Legend Credit Card,240000,240000,0,0,travel | shopping,Reward Points,,IndusInd Bank,1,1,0,0,0,0,0,0,0,0,0
147,IndusInd Bank Platinum RuPay Credit Card,240000,240000,0,0,shopping,Reward Points,,IndusInd Bank,1,0,0,0,0,0,0,0,0,0,0
148,EazyDiner IndusInd Platinum Credit Card,240000,240000,0,0,food,Reward Points,3-Month EazyDiner Prime Membership and 500 Bonus EazyPoints,IndusInd Bank,0,0,0,0,0,1,0,0,0,0,1
149,EazyDiner IndusInd Bank Signature Credit Card,240000,240000,1999,1999,travel | food,Reward Points,"2,000 Bonus EazyPoints, Complimentary Membership of EazyDiner Prime, and Postcard Hotel Stay Voucher Worth ₹5,000",IndusInd Bank,0,1,0,0,0,1,0,0,0,inf,5
150,IndusInd Bank Platinum Credit Card,240000,240000,0,0,shopping,Reward Points,,IndusInd Bank,1,0,0,0,0,0,0,0,0,0,0
151,IndusInd Bank Platinum Aura Edge Credit Card,0,0,500,0,shopping,Reward Points,"Get an EazyDiner discount voucher, and get a discount voucher from any of these brands: Amazon, Flipkart, Big Bazaar, Zee5, Apollo Pharmacy, Uber, Ola, etc.",IndusInd Bank,1,0,0,0,0,0,0,0,0,0,1
152,IndusInd Bank Avios Visa Infinite Credit Card,0,0,40000,10000,travel,Reward Points,"Complimentary Gold tier membership and bonus 20,000 Avios for Qatar Airways Privilege Club members, and bonus 55,000 Avios for British Airways Executive Club members",IndusInd Bank,0,1,0,0,0,0,0,0,0,inf,5
153,IndusInd Bank PIONEER Private Credit Card,0,0,0,25000,shopping,Reward Points,"6,000 Reward Points (On Spends of ₹1 Lakh)",IndusInd Bank,1,0,0,0,0,0,0,0,0,1000000,2
154,IndusInd Bank Samman RuPay Credit Card,240000,240000,0,199,shopping,Cashback,,IndusInd Bank,1,0,0,0,0,0,0,0,0,75000,0
155,Indus Solitaire Credit Card,0,0,30000,10000,travel | shopping,Reward Points,"Free Taj Epicure, EazyDiner Prime, and Moneycontrol Pro Membership. 5,000 Reward Points on Spending Rs. 1 Lakh Within 30 Days of Card Issuance",IndusInd Bank,1,1,0,0,0,0,0,0,0,1000000,4
156,IndusInd Nexxt Credit Card,240000,240000,1999,0,movies | shopping,Reward Points,"Gift vouchers from one of these brands: EazyDiner, Bata, Oberoi Hotels, Yatra, Vero Moda, or Aldo, etc as welcome gifts.",IndusInd Bank,1,0,0,1,0,0,0,0,0,0,1
157,IndusInd Bank ePay Amex Credit Card,0,0,0,0,shopping,Reward Points,Free 3-Month Zomato Gold Membership,IndusInd Bank,1,0,0,0,0,0,0,0,0,0,1
158,IndusInd Bank Duo Plus Credit Card,0,0,1500,799,movies | shopping,Reward Points,"Vouchers Worth ₹1,000 from Any One of the Following Brands - Bata, United Colors of Benetton, Levis, Pantaloons, Pizza Hut",IndusInd Bank,1,0,0,1,0,0,0,0,0,inf,2
159,IndusInd Bank Crest Credit Card,0,0,1,0,travel | shopping,Reward Points,,IndusInd Bank,1,1,0,0,0,0,0,0,0,0,0
160,IndusInd Bank Celesta Credit Card,0,0,25000,5000,movies | travel,Reward Points,"Vouchers Worth ₹25,000",IndusInd Bank,0,1,0,1,0,0,0,0,0,1000000,10
161,IndusInd Bank Indulge Credit Card,0,0,2,0,travel | dining | shopping,Reward Points,,IndusInd Bank,1,1,1,0,0,0,0,0,0,0,0
162,IndusInd Bank Pinnacle World Credit Card,0,0,14999,0,travel | shopping,Reward Points,"Choose any one benefit from, a Luxe gift card, a complimentary night stay at Oberoi hotels, or gift vouchers from brands like Hush Puppies, BATA, Titan, Pantaloons, Raymond, etc.",IndusInd Bank,1,1,0,0,0,0,0,0,0,0,5
163,IndusInd Bank Pioneer Legacy Credit Card,0,0,45000,0,movies | travel,Reward Points,"Oberoi hotel e-gift voucher and a Luxe Gift card worth Rs 5,000",IndusInd Bank,0,1,0,1,0,0,0,0,0,0,5
164,IndusInd Bank Pioneer Heritage Credit Card,0,0,90000,25000,movies | travel,Reward Points,Oberoi e-gift voucher and a Luxe Gift card.,IndusInd Bank,0,1,0,1,0,0,0,0,0,1000000,5
165,Club Vistara IndusInd Bank Explorer Credit Card,0,0,40000,10000,movies | travel,Reward Points,"Complimentary Club Vistara Gold Membership, complimentary business class ticket, and exclusive gift vouchers worth Rs 25,000.",IndusInd Bank,0,1,0,1,0,0,0,0,0,inf,10
166,IndusInd Bank Platinum Select Credit Card,240000,240000,999,0,shopping,Reward Points,"Get great discounts at EazyDiner, and gift vouchers from BATA and Vero Moda.",IndusInd Bank,1,0,0,0,0,0,0,0,0,0,1
167,IndusInd Bank Iconia Amex Credit Card,240000,240000,3500,0,movies | travel | dining,Reward Points,"You get exclusive Montblanc e-gift vouchers, Postcard hotel vouchers, and Luxe Gift cards, and vouchers from popular brands like Flipkart, Big Bazaar, and many more.",IndusInd Bank,0,1,1,1,0,0,0,0,0,0,7
168,IndusInd Bank Payback Credit Card,240000,240000,249,0,movies | shopping,Reward Points,"1,000 PAYBACK points after paying the joining fee",IndusInd Bank,1,0,0,1,0,0,0,0,0,0,1
169,IndusInd Bank Iconia Visa Credit Card,240000,240000,3499,0,movies,Reward Points,"The card provides various welcome benefits in the form of gift cards and vouchers that include Montblanc, Luxe Gift card, the Postcard hotel, and vouchers/gift cards for Amazon, Flipkart, Big Bazaar, Zee5, Apollo pharmacy, and many more.",IndusInd Bank,0,0,0,1,0,0,0,0,0,0,7
170,IndusInd Bank Signature Visa Credit Card,240000,240000,50000,0,travel,Reward Points,Get a luxurious stay at any of the best Oberoi hotels.,IndusInd Bank,0,1,0,0,0,0,0,0,0,0,7
171,Myntra Kotak Credit Card,0,0,500,500,shopping | food,Cashback,Myntra voucher worth Rs. 500 on making 1 transaction above Rs. 500 inside 30 days of card issuance,Kotak Mahindra,1,0,0,0,0,1,0,0,0,200000,1
172,6E Rewards XL – Indigo Kotak Bank Credit Card,0,0,2500,2500,travel,Reward Points,"Complimentary flight ticket worth Rs. 3,000 and 6E add-ons worth Rs. 1099",Kotak Mahindra,0,1,0,0,0,0,0,0,0,50000,5
173,6E Rewards – Indigo Kotak Bank Credit Card,0,0,700,700,travel,Reward Points,"You get a complimentary flight ticket and 6E add-on, Accor hotels stay/dining vouchers, and a Budweiser gift voucher.",Kotak Mahindra,0,1,0,0,0,0,0,0,0,50000,5
174,IndianOil Kotak Credit Card,0,0,449,449,fuel,Reward Points,Get 1000 Reward Points on spending Rs. 500 or more within 30 days of getting the card,Kotak Mahindra,0,0,0,0,1,0,0,0,0,50000,1
175,Kotak White Reserve Credit Card,2500000,2500000,12500,12500,shopping,Reward Points,,Kotak Mahindra,1,0,0,0,0,0,0,0,0,1000000,0
176,Kotak Royale Signature Credit Card,2400000,2400000,0,999,travel | shopping,Reward Points,,Kotak Mahindra,1,1,0,0,0,0,0,0,0,100000,0
177,Kotak Zen Signature Credit Card,480000,480000,1500,1500,travel | shopping,Reward Points,Get 1500 Zen Points on payment of joining fees,Kotak Mahindra,1,1,0,0,0,0,0,0,0,150000,1
178,Kotak Privy League Signature Credit Card,0,0,0,0,shopping,Reward Points,,Kotak Mahindra,1,0,0,0,0,0,0,0,0,0,0
179,Kotak Mojo Platinum Credit Card,400000,400000,1000,1000,travel | shopping,Reward Points,,Kotak Mahindra,1,1,0,0,0,0,0,0,0,100000,0
180,Kotak League Platinum Credit Card,500000,500000,499,499,movies,Reward Points,Get a movie voucher worth Rs 500 on payment of the joining fee,Kotak Mahindra,0,0,0,1,0,0,0,0,0,50000,1
181,PVR INOX Kotak Credit Card,0,0,0,499,movies,Reward Points,,Kotak Mahindra,0,0,0,1,0,0,0,0,0,inf,0
182,PVR Kotak Platinum Credit Card,0,0,0,999,movies,Reward Points,,Kotak Mahindra,0,0,0,1,0,0,0,0,0,inf,0
183,PVR Kotak Gold Credit Card,0,0,0,499,movies,Reward Points,,Kotak Mahindra,0,0,0,1,0,0,0,0,0,inf,0
184,Kotak Mahindra Bank UPI RuPay Credit Card,0,0,0,0,shopping,Reward Points,,Kotak Mahindra,1,0,0,0,0,0,0,0,0,0,0
185,Kotak White Credit Card,2500000,2500000,3000,3000,shopping,Reward Points,"Voucher worth Rs. 1,500 on spending Rs. 30,000 withing 60 days of card setup",Kotak Mahindra,1,0,0,0,0,0,0,0,0,500000,2
186,Kotak Urbane Gold Credit Card,300000,300000,0,199,shopping,Reward Points,,Kotak Mahindra,1,0,0,0,0,0,0,0,0,15000,0
187,Kotak Veer Select Credit Card,0,0,0,599,shopping,Reward Points,"Complimentary IHO membership worth Rs. 8,500 on spending Rs. 500 within the first 30 days of card issuance.",Kotak Mahindra,1,0,0,0,0,0,0,0,0,100000,7
188,Kotak Veer Platinum Credit Card,0,0,0,299,shopping,Reward Points,500 Reward Points if you spend Rs. 500 in the first 30 days of card set-up,Kotak Mahindra,1,0,0,0,0,0,0,0,0,50000,1
189,Kotak Essentia Platinum Credit Card,0,0,1499,749,shopping,Reward Points,,Kotak Mahindra,1,0,0,0,0,0,0,0,0,inf,0
190,Kotak Bank Fortune Gold Card,300000,300000,0,0,shopping,Reward Points,,Kotak Mahindra,1,0,0,0,0,0,0,0,0,0,0
191,RBL Bank ShopRite Credit Card,0,0,0,0,shopping,Reward Points,"2,000 Reward Points",RBL Bank,1,0,0,0,0,0,0,0,0,0,1
192,IndianOil RBL Bank Credit Card,0,0,500,500,fuel,Reward Points,"1,000 Fuel Points",RBL Bank,0,0,0,0,1,0,0,0,0,inf,1
193,IndianOil RBL Bank XTRA Credit Card,0,0,1500,1500,fuel,Reward Points,"3,000 Fuel Points",RBL Bank,0,0,0,0,1,0,0,0,0,inf,1
194,RBL World Safari Credit Card,0,0,3000,3000,travel,Reward Points,"MakeMyTrip voucher worth Rs. 3,000 as a welcome gift",RBL Bank,0,1,0,0,0,0,0,0,0,inf,5
195,IRCTC RBL Bank Credit Card,0,0,500,500,travel,Reward Points,500 Reward Points,RBL Bank,0,1,0,0,0,0,0,0,0,inf,1
196,BookMyShow RBL Bank Play Credit Card,0,0,500,500,movies | food,Reward Points,Get a discount of up to Rs. 500 on movie/non-movie ticket bookings via BookMyShow on making at least one transactions using the RBL Play Credit Card within the first 30 days.,RBL Bank,0,0,0,1,0,1,0,0,0,inf,1
197,RBL Platinum Delight Credit Card,0,0,1000,1000,shopping,Reward Points,"4,000 Reward Points",RBL Bank,1,0,0,0,0,0,0,0,0,200000,2
198,RBL Bank Platinum Maxima Plus Credit Card,0,0,2500,2500,travel,Reward Points,"10,000 Reward Points",RBL Bank,0,1,0,0,0,0,0,0,0,100000,4
199,RBL Bank Icon Credit Card,0,0,5000,5000,travel | shopping,Reward Points,"Get 20,000 bonus reward points.",RBL Bank,1,1,0,0,0,0,0,0,0,inf,5
200,RBL Bank iGlobe Credit Card,0,0,3000,3000,shopping,Reward Points,"MMT voucher worth ₹3,000",RBL Bank,1,0,0,0,0,0,0,0,0,inf,5
201,RBL Bank Insignia Preferred Banking World Card,0,0,0,0,movies | travel,Reward Points,"28,000 Reward Points (For Those With Fee Variant)",RBL Bank,0,1,0,1,0,0,0,0,0,0,6
202,Patanjali RBL Bank Vishisht Credit Card,0,0,499,499,shopping,Cashback,"Earn 2,000 Reward Points within 30 days of card issuance",RBL Bank,1,0,0,0,0,0,0,0,0,inf,1
203,Patanjali RBL Bank Swarn Credit Card,0,0,1499,1499,shopping,Cashback,"Earn 6,000 Reward Points on making the first transaction worth ₹1,000.",RBL Bank,1,0,0,0,0,0,0,0,0,inf,2
204,TVS Credit RBL Bank Credit Card,0,0,500,500,shopping,Reward Points,"2,000 bonus RP on the first transaction within 30 days from card issuance",RBL Bank,1,0,0,0,0,0,0,0,0,inf,1
205,TVS Credit RBL Bank Gold Credit Card,0,0,1599,1599,shopping,Reward Points,"6,000 bonus RP on the first transaction within 30 days from card issuance",RBL Bank,1,0,0,0,0,0,0,0,0,inf,2
206,RBL Bank SalarySe UP Credit Card,0,0,499,499,shopping,Reward Points,"Earn up to 2,500 Reward Points after the first transaction",RBL Bank,1,0,0,0,0,0,0,0,0,inf,1
207,RBL Bank Novio Credit Card,0,0,500,500,shopping,Reward Points,"2,000 Reward Points when you make purchases of ₹5,000 within 30 days of card issuance, a clear sign that you're valued as a customer.",RBL Bank,1,0,0,0,0,0,0,0,0,inf,1
208,RBL Bank DMI Finance Credit Card,0,0,499,499,shopping,Reward Points,"Earn 2,000 Reward Points; BookMyShow movie voucher worth ₹200 on card activation",RBL Bank,1,0,0,0,0,0,0,0,0,inf,1
209,RBL Bank Cookies Credit Card,0,0,100,100,shopping,Reward Points,"Gift Voucher Worth Rs. 1,000 from Flipkart/Amazon/Croma/Myntra/Shoppers Stop",RBL Bank,1,0,0,0,0,0,0,0,0,inf,2
210,RBL Bank Popcorn Credit Card,0,0,1000,1000,movies,Reward Points,4 free movie tickets (up to Rs. 1000).,RBL Bank,0,0,0,1,0,0,0,0,0,inf,2
211,RBL Bank Titanium Delight Card,0,0,750,750,shopping,Reward Points,"Bonus Reward Points of up to 3,000 points.",RBL Bank,1,0,0,0,0,0,0,0,0,150000,1
212,RBL Bank Monthly Treats Credit Card,0,0,50,50,dining,Reward Points,,RBL Bank,0,0,1,0,0,0,0,0,0,inf,0
213,Zomato Edition Classic Credit Card,0,0,500,500,dining,Reward Points,500 Edition Cash,RBL Bank,0,0,1,0,0,0,0,0,0,inf,1
214,RBL Bank Edition Credit Card,0,0,2000,2000,dining,Reward Points,Complimentary Zomato pro membership.,RBL Bank,0,0,1,0,0,0,0,0,0,250000,1
215,SBI SimplyCLICK Credit Card,240000,240000,499,499,shopping,Reward Points,Amazon Gift Card Worth Rs. 500,SBI,1,0,0,0,0,0,0,0,0,100000,1
216,Cashback SBI Credit Card,0,0,999,999,shopping | food,Cashback,,SBI,1,0,0,0,0,1,0,0,0,200000,0
217,SBI SimplySAVE UPI Rupay Credit Card,240000,240000,499,499,shopping,Reward Points,"2,000 Reward Points on Spending ₹2,000 in the First 60 Days",SBI,1,0,0,0,0,0,0,0,0,100000,1
218,BPCL SBI Octane Credit Card,0,0,1499,1499,travel | fuel | food,Reward Points,"6,000 Bonus Reward Points Worth ₹1,500",SBI,0,1,0,0,1,1,0,0,0,200000,2
219,SBI Card PULSE,200000,200000,1499,1499,shopping,Reward Points,"A Noise ColorFit Pulse Smart Watch worth Rs. 5,999, complimentary Fitpass Pro membership, and complimentary Netmeds First membership.",SBI,1,0,0,0,0,0,0,0,0,200000,6
220,SBI Prime Credit Card,384000,384000,2999,2999,travel | shopping,Reward Points,"Gift voucher (worth Rs. 3,000) from any of these brands, Yatra, Aditya Birla Fashion, Bata/Hush Puppies, Shoppers Stop, and Pantaloons.",SBI,1,1,0,0,0,0,0,0,0,300000,5
221,BPCL SBI Credit Card,240000,240000,499,499,fuel,Reward Points,"2,000 Activation Bonus Reward Points worth Rs.500 on payment of joining fee (credited after 20 days of the payment of joining fee).",SBI,0,0,0,0,1,0,0,0,0,50000,1
222,SBI ELITE Credit Card,720000,720000,4999,4999,movies | travel | shopping,Reward Points,"E-vouchers worth Rs. 5,000 from any one of the brands, including Yatra, Aditya Birla Fashion, Hush Puppies/Bata, Pantaloons, and Shoppers Stop.",SBI,1,1,0,1,0,0,0,0,0,1000000,5
223,Aditya Birla SBI Credit Card,200000,200000,499,499,travel | shopping,Reward Points,"Activation bonus of 2,000 Rewards Points.",SBI,1,1,0,0,0,0,0,0,0,inf,1
224,SBI Card MILES,0,0,1499,1499,travel,Reward Points,"Get 1,500 Travel Credits on spending ₹30,000 within 60 days of issuance.",SBI,0,1,0,0,0,0,0,0,0,600000,2
225,SBI Card MILES PRIME,0,0,2999,2999,travel,Reward Points,"Get 3,000 Travel Credits on spending ₹60,000 within 60 days of issuance.",SBI,0,1,0,0,0,0,0,0,0,1000000,5
226,KrisFlyer SBI Credit Card,0,0,2999,2999,travel,KrisFlyer Miles,"3,000 KrisFlyer Miles",SBI,0,1,0,0,0,0,0,0,0,300000,1
227,SBI Card Miles Elite,0,0,4999,4999,travel,Reward Points,"5,000 Travel Credits",SBI,0,1,0,0,0,0,0,0,0,1500000,5
228,IRCTC SBI RuPay Credit Card,0,0,500,500,travel,Reward Points,350 Reward Points on a Minimum Transaction of ₹500 Within 45 Days of Receiving the Card,SBI,0,1,0,0,0,0,0,0,0,inf,1
229,Titan SBI Credit Card,0,0,299,299,shopping,Reward Points,"12000 Reward Points (Worth ₹3,000)",SBI,1,0,0,0,0,0,0,0,0,300000,5
230,Reliance SBI Card,0,0,499,499,shopping,Reward Points,"Reliance Retail Vouchers Worth Rs. 500 and Discount Vouchers of Rs. 3,200",SBI,1,0,0,0,0,0,0,0,0,100000,5
231,Reliance SBI Card PRIME,0,0,2999,2999,shopping,Reward Points,"Reliance Retail Vouchers Worth Rs. 3,000 and Discount Vouchers of Rs. 11,999",SBI,1,0,0,0,0,0,0,0,0,300000,8
232,Etihad Guest SBI Premier Credit Card,480000,480000,4999,4999,travel,Reward Points,"5,000 Etihad Guest Miles, 2 Free Wifi vouchers on first Etihad Airways booking, complimentary Etihad Guest Gold tier status post first card transaction,",SBI,0,1,0,0,0,0,0,0,0,inf,2
233,Etihad Guest SBI Credit Card,480000,480000,1499,1499,travel,Reward Points,"2,500 Etihad Guest Miles, Etihad Guest Silver tier status, 1 complimentary wifi voucher on first booking for Etihad Airways",SBI,0,1,0,0,0,0,0,0,0,inf,1
234,IRCTC SBI Card Premier,240000,240000,1499,1499,travel,Reward Points,"1,500 Reward Points",SBI,0,1,0,0,0,0,0,0,0,200000,1
235,Yatra SBI Credit Card,240000,240000,499,499,travel,Reward Points,Get e-gift vouchers from Yatra.com worth Rs 8250/- on paying the membership fee,SBI,0,1,0,0,0,0,0,0,0,100000,7
236,FABindia SBI Card SELECT,0,0,1499,1499,shopping,Reward Points,"Fabindia Vouchers worth Rs. 1,500; direct access to platinum tier Fabfamily membership.",SBI,1,0,0,0,0,0,0,0,0,200000,2
237,FABINDIA SBI Credit Card,0,0,499,499,shopping,Reward Points,Fabindia gift vouchers worth Rs. 500 & Fabfamily Gold Tier membership.,SBI,1,0,0,0,0,0,0,0,0,100000,1
238,Paytm SBI Credit Card Select,0,0,1499,1499,shopping,Reward Points,Get a Complimentary Paytm First Membership is provided on card activation as welcome offer. Welcome Cashback of Rs 750 is provided to the card holder upon activation of the credit card in your Paytm wallet.,SBI,1,0,0,0,0,0,0,0,0,200000,3
239,Paytm SBI Credit Card,0,0,499,499,shopping,Reward Points,Complimentary membership to Paytm First worth Rs. 899.,SBI,1,0,0,0,0,0,0,0,0,inf,1
240,SBI Tata Platinum Card,0,0,3000,3000,shopping,Fuel Points,"You get exclusive shopping e-Gift vouchers worth Rs 3000 from any partner exclusive such as Yatra, Hush Puppies / Bata, Aditya Birla Fashion, Westside",SBI,1,0,0,0,0,0,0,0,0,100000,5
241,Lifestyle Home Centre SBI Card,0,0,499,499,shopping,Reward Points,"2,000 bonus reward points worth Rs. 500 on card activation and Rs. 100 cash back on your first ATM cash withdrawal within 30 days of card activation.",SBI,1,0,0,0,0,0,0,0,0,inf,1
242,Lifestyle Home Centre SBI Card Prime,0,0,2999,2999,shopping,Reward Points,12000 RPs worth Rs. 3000. Rs. 100 cash-back on first withdrawal using ATM (within 30 days of receiving the card),SBI,1,0,0,0,0,0,0,0,0,inf,5
243,Apollo SBI Credit Card,0,0,499,499,shopping,Reward Points,500 Reward Points and complimentary Apollo Gold Tier Membership,SBI,1,0,0,0,0,0,0,0,0,100000,1
244,Max SBI Card SELECT,0,0,1499,1499,shopping,Reward Points,Earn 6000 bonus reward points on paying annual fees.,SBI,1,0,0,0,0,0,0,0,0,inf,2
245,SBI Shaurya Credit Card,0,0,250,250,shopping,Reward Points,"1,000 bonus Reward Points",SBI,1,0,0,0,0,0,0,0,0,50000,1
246,FABindia SBI Card SELECT,0,0,0,1499,shopping,Reward Points,,SBI,1,0,0,0,0,0,0,0,0,200000,0
247,Club Vistara SBI Card PRIME,480000,480000,2999,2999,travel,Reward Points,1 complimentary Premium Economy class ticket as a gift voucher on payment of the joining/renewal fee.,SBI,0,1,0,0,0,0,0,0,0,300000,7
248,Club Vistara SBI Credit Card,480000,480000,1499,1499,travel,Reward Points,1 economy class air ticket e-voucher as a complimentary gift and Club Vistara Base membership,SBI,0,1,0,0,0,0,0,0,0,150000,5
249,Air India SBI Signature Credit Card,720000,720000,4999,4999,travel,Reward Points,"20,000 Maharaja Points",SBI,0,1,0,0,0,0,0,0,0,1000000,5
250,Air India SBI Platinum Credit Card,480000,480000,1499,1499,travel,Reward Points,"5,000 reward points after paying the joining fee (credited within 15 days from the date of payment)",SBI,0,1,0,0,0,0,0,0,0,200000,2
251,OLA Money SBI Credit Card,0,0,0,499,travel,Reward Points,,SBI,0,1,0,0,0,0,0,0,0,100000,0
252,Nature's Basket SBI Card,0,0,1499,1499,shopping,Reward Points,"Gift voucher worth Rs. 1,500 from Nature’s Basket and complimentary access to ‘Epicure’ Nature’s Basket Loyalty Program",SBI,1,0,0,0,0,0,0,0,0,200000,2
253,Nature's Basket SBI Card Elite,0,0,4999,4999,shopping,Reward Points,"Complementary access to Connoisseur, Nature’s Basket loyalty program and Nature’s Basket Gift Voucher worth Rs. 5,000.",SBI,1,0,0,0,0,0,0,0,0,1000000,5
254,Aditya Birla SBI Card SELECT,200000,200000,1499,1499,travel | shopping,Reward Points,6000 Rewards Points on card issuance.,SBI,1,1,0,0,0,0,0,0,0,200000,2
255,Standard Chartered Platinum Rewards Credit Card,0,0,0,0,dining | fuel,Reward Points,,Standard Chartered,0,0,1,0,1,0,0,0,0,0,0
256,Standard Chartered Smart Credit Card,0,0,499,499,shopping,Cashback,Extended 90 days interest period from the date of the card issuance date.,Standard Chartered,1,0,0,0,0,0,0,0,0,120000,1
257,Standard Chartered Rewards Credit Card,0,0,0,1000,shopping,Cashback,,Standard Chartered,1,0,0,0,0,0,0,0,0,6000,0
258,Standard Chartered EaseMyTrip Credit Card,0,0,350,350,travel,Cashback,,Standard Chartered,0,1,0,0,0,0,0,0,0,50000,0
259,Standard Chartered Super Value Titanium Credit Card,0,0,750,750,fuel | shopping,Cashback,"Up to 1,500 cashback on fuel transactions within the first three months.",Standard Chartered,1,0,0,0,1,0,0,0,0,inf,2
260,YES Bank RESERV Credit Card,1800000,1800000,2499,2499,travel | shopping,Reward Points,,YES Bank,1,1,0,0,0,0,0,0,0,300000,0
261,YES Select Credit Card,600000,750000,599,599,shopping,Reward Points,,YES Bank,1,0,0,0,0,0,0,0,0,75000,0
262,YES Bank BYOC Credit Card,300000,750000,49,49,shopping,Reward Points,,YES Bank,1,0,0,0,0,0,0,0,0,inf,0
263,Yes Bank Marquee Credit Card,3600000,2400000,9999,4999,movies | travel | shopping,Reward Points,"40,000 Reward Points",YES Bank,1,1,0,1,0,0,0,0,0,inf,7
264,Yes Bank RuPay Credit Card,0,0,0,0,shopping,Reward Points,,YES Bank,1,0,0,0,0,0,0,0,0,0,0
265,YES ACE Credit Card,420000,500000,499,499,shopping,Reward Points,,YES Bank,1,0,0,0,0,0,0,0,0,50000,0
266,Yes Bank Wellness Credit Card,300000,500000,499,499,shopping,Reward Points,,YES Bank,1,0,0,0,0,0,0,0,0,inf,0
267,YES Bank Wellness Plus Credit Card,300000,500000,1499,1499,travel,Reward Points,,YES Bank,0,1,0,0,0,0,0,0,0,inf,0
268,YES Bank EMI Credit Card,750000,750000,499,499,shopping,Reward Points,,YES Bank,1,0,0,0,0,0,0,0,0,inf,0
269,YES Prosperity Rewards Credit Card,300000,500000,499,499,shopping,Reward Points,,YES Bank,1,0,0,0,0,0,0,0,0,75000,0
270,YES First Preferred Credit Card,2400000,2400000,999,999,shopping,Reward Points,,YES Bank,1,0,0,0,0,0,0,0,0,inf,0
271,YES Prosperity Cashback Plus Credit Card,420000,500000,1499,1499,shopping,Reward Points,A cashback of Rs. 250 on spending Rs. 2500 within the first 30 days.,YES Bank,1,0,0,0,0,0,0,0,0,inf,1
